{
  "model": "Logistic_Regression",
  "dataset": "bonn_eeg",
  "timestamp": "2026-01-15 16:34:53",
  "sampled": false,
  "data_shapes": {
    "train": [
      280,
      25
    ],
    "val": [
      60,
      25
    ],
    "test": [
      60,
      25
    ]
  },
  "original_sizes": {
    "train": 280,
    "val": 60,
    "test": 60
  },
  "validation_metrics": {
    "accuracy": 0.9,
    "precision": 0.9133771929824561,
    "recall": 0.9,
    "f1_score": 0.9009653669897077,
    "roc_auc": 0.9911111111111112,
    "sensitivity": 0.8999999999999999,
    "specificity": 0.9666666666666667
  },
  "test_metrics": {
    "accuracy": 0.9333333333333333,
    "precision": 0.9364583333333333,
    "recall": 0.9333333333333333,
    "f1_score": 0.9332181259600615,
    "roc_auc": 0.9933333333333334,
    "sensitivity": 0.9333333333333333,
    "specificity": 0.9777777777777779
  },
  "confusion_matrix": [
    [
      13,
      2,
      0,
      0
    ],
    [
      0,
      14,
      1,
      0
    ],
    [
      0,
      0,
      14,
      1
    ],
    [
      0,
      0,
      0,
      15
    ]
  ],
  "classification_report": {
    "1": {
      "precision": 1.0,
      "recall": 0.8666666666666667,
      "f1-score": 0.9285714285714286,
      "support": 15.0
    },
    "2": {
      "precision": 0.875,
      "recall": 0.9333333333333333,
      "f1-score": 0.9032258064516129,
      "support": 15.0
    },
    "4": {
      "precision": 0.9333333333333333,
      "recall": 0.9333333333333333,
      "f1-score": 0.9333333333333333,
      "support": 15.0
    },
    "5": {
      "precision": 0.9375,
      "recall": 1.0,
      "f1-score": 0.967741935483871,
      "support": 15.0
    },
    "accuracy": 0.9333333333333333,
    "macro avg": {
      "precision": 0.9364583333333334,
      "recall": 0.9333333333333333,
      "f1-score": 0.9332181259600614,
      "support": 60.0
    },
    "weighted avg": {
      "precision": 0.9364583333333333,
      "recall": 0.9333333333333333,
      "f1-score": 0.9332181259600615,
      "support": 60.0
    }
  }
}