{
  "model": "Random_Forest",
  "dataset": "bonn_eeg",
  "timestamp": "2026-01-16 16:05:56",
  "sampled": false,
  "data_shapes": {
    "train": [
      280,
      25
    ],
    "val": [
      60,
      25
    ],
    "test": [
      60,
      25
    ]
  },
  "original_sizes": {
    "train": 280,
    "val": 60,
    "test": 60
  },
  "validation_metrics": {
    "accuracy": 0.9166666666666666,
    "precision": 0.9252136752136751,
    "recall": 0.9166666666666666,
    "f1_score": 0.917786236751754,
    "roc_auc": 0.9942592592592592,
    "sensitivity": 0.9166666666666667,
    "specificity": 0.9722222222222222
  },
  "test_metrics": {
    "accuracy": 0.9666666666666667,
    "precision": 0.9677083333333333,
    "recall": 0.9666666666666667,
    "f1_score": 0.9666481275491287,
    "roc_auc": 0.9938888888888889,
    "sensitivity": 0.9666666666666667,
    "specificity": 0.9888888888888889
  },
  "confusion_matrix": [
    [
      15,
      0,
      0,
      0
    ],
    [
      0,
      14,
      1,
      0
    ],
    [
      0,
      0,
      14,
      1
    ],
    [
      0,
      0,
      0,
      15
    ]
  ],
  "classification_report": {
    "1": {
      "precision": 1.0,
      "recall": 1.0,
      "f1-score": 1.0,
      "support": 15.0
    },
    "2": {
      "precision": 1.0,
      "recall": 0.9333333333333333,
      "f1-score": 0.9655172413793104,
      "support": 15.0
    },
    "4": {
      "precision": 0.9333333333333333,
      "recall": 0.9333333333333333,
      "f1-score": 0.9333333333333333,
      "support": 15.0
    },
    "5": {
      "precision": 0.9375,
      "recall": 1.0,
      "f1-score": 0.967741935483871,
      "support": 15.0
    },
    "accuracy": 0.9666666666666667,
    "macro avg": {
      "precision": 0.9677083333333334,
      "recall": 0.9666666666666667,
      "f1-score": 0.9666481275491288,
      "support": 60.0
    },
    "weighted avg": {
      "precision": 0.9677083333333333,
      "recall": 0.9666666666666667,
      "f1-score": 0.9666481275491287,
      "support": 60.0
    }
  }
}