{
  "model": "SVM_Linear",
  "dataset": "bonn_eeg",
  "timestamp": "2026-01-15 16:34:55",
  "sampled": false,
  "data_shapes": {
    "train": [
      280,
      25
    ],
    "val": [
      60,
      25
    ],
    "test": [
      60,
      25
    ]
  },
  "original_sizes": {
    "train": 280,
    "val": 60,
    "test": 60
  },
  "validation_metrics": {
    "accuracy": 0.9,
    "precision": 0.9054621848739495,
    "recall": 0.9,
    "f1_score": 0.9014008620689656,
    "roc_auc": 0.9907407407407407,
    "sensitivity": 0.9,
    "specificity": 0.9666666666666667
  },
  "test_metrics": {
    "accuracy": 0.9166666666666666,
    "precision": 0.9172275641025641,
    "recall": 0.9166666666666666,
    "f1_score": 0.9153609831029186,
    "roc_auc": 0.9929629629629629,
    "sensitivity": 0.9166666666666667,
    "specificity": 0.9722222222222222
  },
  "confusion_matrix": [
    [
      14,
      1,
      0,
      0
    ],
    [
      2,
      12,
      1,
      0
    ],
    [
      0,
      0,
      14,
      1
    ],
    [
      0,
      0,
      0,
      15
    ]
  ],
  "classification_report": {
    "1": {
      "precision": 0.875,
      "recall": 0.9333333333333333,
      "f1-score": 0.9032258064516129,
      "support": 15.0
    },
    "2": {
      "precision": 0.9230769230769231,
      "recall": 0.8,
      "f1-score": 0.8571428571428571,
      "support": 15.0
    },
    "4": {
      "precision": 0.9333333333333333,
      "recall": 0.9333333333333333,
      "f1-score": 0.9333333333333333,
      "support": 15.0
    },
    "5": {
      "precision": 0.9375,
      "recall": 1.0,
      "f1-score": 0.967741935483871,
      "support": 15.0
    },
    "accuracy": 0.9166666666666666,
    "macro avg": {
      "precision": 0.9172275641025641,
      "recall": 0.9166666666666667,
      "f1-score": 0.9153609831029186,
      "support": 60.0
    },
    "weighted avg": {
      "precision": 0.9172275641025641,
      "recall": 0.9166666666666666,
      "f1-score": 0.9153609831029186,
      "support": 60.0
    }
  }
}