{
  "model": "Balanced",
  "accuracy": 0.2725259515570934,
  "macro_f1": 0.26961098231311525,
  "weighted_f1": 0.2824530552079378,
  "mcc": -0.003394127647463373,
  "kappa": -0.0027808481892301895,
  "auc": 0.5014946452748227,
  "f1_ci_lower": 0.26298823703893626,
  "f1_ci_upper": 0.2764212308042199,
  "f1_ci_str": "[0.2630, 0.2764]",
  "per_class": {
    "class_0": {
      "precision": 0.5977052707063464,
      "recall": 0.19267221451687472,
      "f1": 0.29140809369810333,
      "specificity": 0.8064849948257881,
      "support": 8652
    },
    "class_1": {
      "precision": 0.2506932889628397,
      "recall": 0.37427546232404085,
      "f1": 0.30026572187776795,
      "specificity": 0.6256580770296423,
      "support": 3623
    },
    "class_2": {
      "precision": 0.1463531669865643,
      "recall": 0.4206896551724138,
      "f1": 0.21715913136347453,
      "specificity": 0.5652138492871644,
      "support": 2175
    }
  },
  "confusion_matrix": [
    [
      1667,
      3220,
      3765
    ],
    [
      695,
      1356,
      1572
    ],
    [
      427,
      833,
      915
    ]
  ]
}