{
  "model": "Baseline",
  "accuracy": 0.2932871972318339,
  "macro_f1": 0.2743049891948452,
  "weighted_f1": 0.2927584231834793,
  "mcc": -0.008700562452241153,
  "kappa": -0.007141606532532041,
  "auc": 0.4983976955394905,
  "f1_ci_lower": 0.26732748184901,
  "f1_ci_upper": 0.28163900014904875,
  "f1_ci_str": "[0.2673, 0.2816]",
  "per_class": {
    "class_0": {
      "precision": 0.5843635148680254,
      "recall": 0.2021497919556172,
      "f1": 0.3003864319450408,
      "specificity": 0.7854432562952607,
      "support": 8652
    },
    "class_1": {
      "precision": 0.24905326937642008,
      "recall": 0.5445763179685343,
      "f1": 0.3417929839757471,
      "specificity": 0.4505403158769701,
      "support": 3623
    },
    "class_2": {
      "precision": 0.14596888260254598,
      "recall": 0.23724137931034484,
      "f1": 0.1807355516637478,
      "specificity": 0.7540529531568166,
      "support": 2175
    }
  },
  "confusion_matrix": [
    [
      1749,
      4764,
      2139
    ],
    [
      770,
      1973,
      880
    ],
    [
      474,
      1185,
      516
    ]
  ]
}