{
  "model": "BiLSTM",
  "accuracy": 0.15051903114186851,
  "macro_f1": 0.08721804511278196,
  "weighted_f1": 0.039383926945391154,
  "mcc": 0.0,
  "kappa": 0.0,
  "auc": 0.4981291176429285,
  "f1_ci_lower": 0.0841697907848591,
  "f1_ci_upper": 0.09013192965033388,
  "f1_ci_str": "[0.0842, 0.0901]",
  "per_class": {
    "class_0": {
      "precision": 0.0,
      "recall": 0.0,
      "f1": 0.0,
      "specificity": 0.9999999999999828,
      "support": 8652
    },
    "class_1": {
      "precision": 0.0,
      "recall": 0.0,
      "f1": 0.0,
      "specificity": 0.9999999999999908,
      "support": 3623
    },
    "class_2": {
      "precision": 0.15051903114186851,
      "recall": 1.0,
      "f1": 0.26165413533834586,
      "specificity": 0.0,
      "support": 2175
    }
  },
  "confusion_matrix": [
    [
      0,
      0,
      8652
    ],
    [
      0,
      0,
      3623
    ],
    [
      0,
      0,
      2175
    ]
  ]
}