{
  "model": "SupCon",
  "accuracy": 0.2823529411764706,
  "macro_f1": 0.2762605687388809,
  "weighted_f1": 0.2865322416392199,
  "mcc": 0.006449686612639838,
  "kappa": 0.005295047332997349,
  "auc": 0.5015641569203404,
  "f1_ci_lower": 0.26872430132789965,
  "f1_ci_upper": 0.28391444969149005,
  "f1_ci_str": "[0.2687, 0.2839]",
  "per_class": {
    "class_0": {
      "precision": 0.607222635889799,
      "recall": 0.18851132686084143,
      "f1": 0.2877050626212736,
      "specificity": 0.8180407036909138,
      "support": 8652
    },
    "class_1": {
      "precision": 0.25585725368502715,
      "recall": 0.4551476676787193,
      "f1": 0.3275725069527215,
      "specificity": 0.557033342569497,
      "support": 3623
    },
    "class_2": {
      "precision": 0.1504042113179169,
      "recall": 0.367816091954023,
      "f1": 0.21350413664264745,
      "specificity": 0.6318533604887933,
      "support": 2175
    }
  },
  "confusion_matrix": [
    [
      1631,
      3820,
      3201
    ],
    [
      656,
      1649,
      1318
    ],
    [
      399,
      976,
      800
    ]
  ]
}