{
  "train_loss": [
    0.941454435567325,
    0.939823282200426,
    0.9398635155335776,
    0.9396890973569773,
    0.9395593331630738,
    0.9395580051406738,
    0.9393056924587408,
    0.9391850553627333,
    0.9392969759674784,
    0.9390785065276347,
    0.9391327438137337,
    0.9391758977085032,
    0.9390153667355248,
    0.9390110834763821,
    0.9390645456570451,
    0.9391179074787174,
    0.9389151023261386,
    0.9390533070335051,
    0.938904483076291,
    0.9390137006707164,
    0.9390304822057656,
    0.9391458777217153,
    0.939140733003918
  ],
  "val_loss": [
    0.9394420623603472,
    0.9394050942058056,
    0.9395757624357499,
    0.9396733011292145,
    0.9396532420563487,
    0.9394442411826424,
    0.9395550129863717,
    0.9394799936837503,
    0.9394321859234553,
    0.939533736853473,
    0.9393446453377209,
    0.9393190163954169,
    0.9392680645340663,
    0.9393045339612482,
    0.9393129982603686,
    0.9396071259954334,
    0.9398422443409585,
    0.9392691116593229,
    0.939324035932884,
    0.9393110798347665,
    0.9393106815913433,
    0.9393479299228803,
    0.9392962802124586
  ],
  "train_acc": [
    0.598629805197052,
    0.5987138359028605,
    0.5987138359028605,
    0.5987138359028605,
    0.5987138359028605,
    0.5987138359028605,
    0.5987138359028605,
    0.5987138359028605,
    0.5987138359028605,
    0.5987138359028605,
    0.5987138359028605,
    0.5987138359028605,
    0.5987138359028605,
    0.5987138359028605,
    0.5987138359028605,
    0.5987138359028605,
    0.5987138359028605,
    0.5987138359028605,
    0.5987138359028605,
    0.5987138359028605,
    0.5987138359028605,
    0.5987138359028605,
    0.5987138359028605
  ],
  "val_acc": []
}