{
  "train_loss": [
    0.6939085875974159,
    0.6932227773535012,
    0.6932010516158166,
    0.6931783618628757,
    0.6931754273881863,
    0.6931963699217262,
    0.6931751800045005,
    0.6931794630620165,
    0.693244183631593,
    0.6931804163368975,
    0.693159439806963,
    0.6931919311287682,
    0.6931709436809316,
    0.6931816660372605,
    0.6931663803084963,
    0.6931463674387645,
    0.6931839607495118,
    0.693168130235182,
    0.6931664602843488,
    0.6931710486880719,
    0.6931583335483066
  ],
  "val_loss": [
    0.693841134922372,
    0.698408261148466,
    0.6899725494699346,
    0.6963333199835486,
    0.6963485123382674,
    0.6905194839669598,
    0.6926052969776921,
    0.6950080864545372,
    0.6922585378504462,
    0.690489623695612,
    0.6893174360609717,
    0.6925550194250213,
    0.6896808503402604,
    0.6912109849767553,
    0.6922697644266818,
    0.7003083508461714,
    0.6935076436234845,
    0.691856917200817,
    0.6934446322007312,
    0.6904760172797574,
    0.6944747931427426
  ],
  "val_acc": [
    0.4041166567099332,
    0.29519904415358716,
    0.7048009558464129,
    0.29519904415358716,
    0.2959593765274534,
    0.7048009558464129,
    0.7048009558464129,
    0.29519904415358716,
    0.7048009558464129,
    0.7048009558464129,
    0.7048009558464129,
    0.6255634605984902,
    0.7048009558464129,
    0.7048009558464129,
    0.7048009558464129,
    0.29519904415358716,
    0.29519904415358716,
    0.7048009558464129,
    0.29519904415358716,
    0.7048009558464129,
    0.29519904415358716
  ],
  "lr": [
    0.001,
    0.0009990143508499217,
    0.0009960612933065818,
    0.00099115248173898,
    0.0009843072889837512,
    0.0009755527298894294,
    0.0009649233547011816,
    0.0009524611127067769,
    0.0009382151866819099,
    0.0009222417987882566,
    0.0009046039886902864,
    0.0008853713647665069,
    0.0008646198293969952,
    0.0008424312794113801,
    0.0008188932828794706,
    0.0007940987335200905,
    0.0007681454840920089,
    0.0007411359602138069,
    0.0007131767561367538,
    0.0006843782140659968,
    0.0006548539886902864
  ]
}