{
  "accuracy": 0.29519102832161187,
  "f1": 0.13455581654929946,
  "precision": 0.08713774320157065,
  "recall": 0.29519102832161187,
  "roc_auc": 0.5
}