{
  "Seizure": {
    "precision": 0.9831649831649831,
    "recall": 0.8463768115942029,
    "f1-score": 0.9096573208722741,
    "support": 345.0
  },
  "Tumor": {
    "precision": 0.6575342465753424,
    "recall": 0.41739130434782606,
    "f1-score": 0.5106382978723404,
    "support": 345.0
  },
  "Healthy": {
    "precision": 0.5535353535353535,
    "recall": 0.7942028985507247,
    "f1-score": 0.6523809523809524,
    "support": 345.0
  },
  "Eyes Closed": {
    "precision": 0.6843434343434344,
    "recall": 0.7855072463768116,
    "f1-score": 0.7314439946018894,
    "support": 345.0
  },
  "Eyes Open": {
    "precision": 0.6477987421383647,
    "recall": 0.5971014492753624,
    "f1-score": 0.6214177978883861,
    "support": 345.0
  },
  "accuracy": 0.6881159420289855,
  "macro avg": {
    "precision": 0.7052753519514956,
    "recall": 0.6881159420289855,
    "f1-score": 0.6851076727231684,
    "support": 1725.0
  },
  "weighted avg": {
    "precision": 0.7052753519514957,
    "recall": 0.6881159420289855,
    "f1-score": 0.6851076727231685,
    "support": 1725.0
  }
}