{
  "train_loss": [
    0.5306508889884831,
    0.5297149399850355,
    0.5291654069605769,
    0.5285670864881782,
    0.5282320834173198,
    0.5281555756813435,
    0.5282226983436598,
    0.5283181276843941,
    0.5280991651725724,
    0.5282001465954862,
    0.5281187847991822,
    0.5280626658102819,
    0.5279868677315043,
    0.527559174419128,
    0.5280782150447482,
    0.5277105057488356,
    0.5276995866190097,
    0.5277860410638733,
    0.5274407062432119,
    0.527655048348872,
    0.527436070214865,
    0.5273541951484879,
    0.5277068537343611,
    0.5274001369270473,
    0.5272750061507243,
    0.5273081841092182
  ],
  "train_f1": [
    0.1020012180912964,
    0.09026474301294085,
    0.08762200160844992,
    0.08726586001585933,
    0.08737868291459945,
    0.08724104091892655,
    0.08725261901957097,
    0.08728568433729082,
    0.08721207512148593,
    0.08724626925708114,
    0.08725149719390428,
    0.08721095099378721,
    0.08721095099378721,
    0.08721095099378721,
    0.08721095099378721,
    0.08721095099378721,
    0.08721207512148593,
    0.08721319927816447,
    0.08721095099378721,
    0.08721095099378721,
    0.08721207512148593,
    0.08721095099378721,
    0.08721207512148593,
    0.08721095099378721,
    0.08728456489434143,
    0.08729427783888492
  ],
  "val_loss": [
    0.5292273232367186,
    0.527935714914208,
    0.5276918434991246,
    0.5279001953591288,
    0.5276784790036952,
    0.5281058673837543,
    0.5276215782603332,
    0.527840957968636,
    0.5278630967425034,
    0.5276589567023041,
    0.5278404338565548,
    0.5276402004260933,
    0.5276903299103796,
    0.5276642345485434,
    0.5277461825614482,
    0.5276846123480163,
    0.5276776914839196,
    0.5276541360447892,
    0.5277413517500447,
    0.5276586310525911,
    0.5277227746833743,
    0.527866433481727,
    0.5276900791620787,
    0.5277140960097313,
    0.5276983603835106,
    0.5277450753260503
  ],
  "val_f1": [
    0.08721804511278196,
    0.08721804511278196,
    0.08721804511278196,
    0.08721804511278196,
    0.08721804511278196,
    0.08721804511278196,
    0.08721804511278196,
    0.08721804511278196,
    0.08721804511278196,
    0.08721804511278196,
    0.08721804511278196,
    0.08721804511278196,
    0.08721804511278196,
    0.08721804511278196,
    0.08721804511278196,
    0.08721804511278196,
    0.08721804511278196,
    0.08721804511278196,
    0.08721804511278196,
    0.08721804511278196,
    0.08721804511278196,
    0.08721804511278196,
    0.08721804511278196,
    0.08721804511278196,
    0.08721804511278196,
    0.08721804511278196
  ],
  "val_recalls": [
    [
      0.0,
      0.0,
      1.0
    ],
    [
      0.0,
      0.0,
      1.0
    ],
    [
      0.0,
      0.0,
      1.0
    ],
    [
      0.0,
      0.0,
      1.0
    ],
    [
      0.0,
      0.0,
      1.0
    ],
    [
      0.0,
      0.0,
      1.0
    ],
    [
      0.0,
      0.0,
      1.0
    ],
    [
      0.0,
      0.0,
      1.0
    ],
    [
      0.0,
      0.0,
      1.0
    ],
    [
      0.0,
      0.0,
      1.0
    ],
    [
      0.0,
      0.0,
      1.0
    ],
    [
      0.0,
      0.0,
      1.0
    ],
    [
      0.0,
      0.0,
      1.0
    ],
    [
      0.0,
      0.0,
      1.0
    ],
    [
      0.0,
      0.0,
      1.0
    ],
    [
      0.0,
      0.0,
      1.0
    ],
    [
      0.0,
      0.0,
      1.0
    ],
    [
      0.0,
      0.0,
      1.0
    ],
    [
      0.0,
      0.0,
      1.0
    ],
    [
      0.0,
      0.0,
      1.0
    ],
    [
      0.0,
      0.0,
      1.0
    ],
    [
      0.0,
      0.0,
      1.0
    ],
    [
      0.0,
      0.0,
      1.0
    ],
    [
      0.0,
      0.0,
      1.0
    ],
    [
      0.0,
      0.0,
      1.0
    ],
    [
      0.0,
      0.0,
      1.0
    ]
  ],
  "learning_rate": [
    4.999451708687114e-05,
    4.997807075247146e-05,
    4.995066821070679e-05,
    4.991232148123761e-05,
    4.9863047384206835e-05,
    4.980286753286195e-05,
    4.973180832407471e-05,
    4.964990092676262e-05,
    4.955718126821721e-05,
    4.945369001834513e-05,
    4.9339472571828996e-05,
    4.921457902821577e-05,
    4.907906416994145e-05,
    4.893298743830167e-05,
    4.8776412907378836e-05,
    4.860940925593702e-05,
    4.843204973729728e-05,
    4.824441214720628e-05,
    4.804657878971251e-05,
    4.7838636441065016e-05,
    4.762067631165048e-05,
    4.739279400598531e-05,
    4.7155089480780355e-05,
    4.690766700109658e-05,
    4.665063509461095e-05,
    4.6384106504012656e-05
  ]
}