{
  "train_loss": [
    0.9421895790107637,
    0.9401068251431554,
    0.9397578578746296,
    0.9396477538260533,
    0.9396158991208339,
    0.9394336624058043,
    0.9393227831575405,
    0.9394305079214035,
    0.9391767221074705,
    0.9392838522198078,
    0.9391357752245336,
    0.938999948699138,
    0.9389980636221332,
    0.9391532764639906,
    0.9393463925535659,
    0.9389515856373997,
    0.939040874771345,
    0.9392004432480672
  ],
  "val_loss": [
    0.9403612267302904,
    0.9404626713741494,
    0.9393343139538722,
    0.9395387723030946,
    0.9402843639913914,
    0.9402456720494239,
    0.9393280330484948,
    0.9392490052016436,
    0.9393104352606433,
    0.9392571518730625,
    0.9393829237394979,
    0.9394870579770181,
    0.939428737645304,
    0.9392890576767711,
    0.9392896567122423,
    0.9392912212902114,
    0.9392636723398811,
    0.9393324304295149
  ],
  "val_acc": []
}