{
  "handcrafted_features": {
    "inter_class_distance": 0.24977409679274876,
    "intra_class_distance": 5.198266182690548,
    "separability_score": 0.04804950112398136,
    "inter_class_matrix": [
      [
        0.0,
        0.1674365868400332,
        0.2578275962933515
      ],
      [
        0.1674365868400332,
        0.0,
        0.32405810724486156
      ],
      [
        0.2578275962933515,
        0.32405810724486156,
        0.0
      ]
    ],
    "per_class_intra": [
      5.274610112627105,
      5.225755306975949,
      5.09443312846859
    ],
    "interpretation": "HEAVY overlap"
  },
  "pca_features": {
    "inter_class_distance": 0.24977409679274873,
    "intra_class_distance": 5.19826618269055,
    "separability_score": 0.04804950112398134,
    "inter_class_matrix": [
      [
        0.0,
        0.16743658684003307,
        0.2578275962933515
      ],
      [
        0.16743658684003307,
        0.0,
        0.32405810724486156
      ],
      [
        0.2578275962933515,
        0.32405810724486156,
        0.0
      ]
    ],
    "per_class_intra": [
      5.274610112627107,
      5.225755306975952,
      5.094433128468591
    ],
    "interpretation": "HEAVY overlap"
  },
  "baseline_cnn": {
    "inter_class_distance": 0.0085381670888188,
    "intra_class_distance": 0.21412861347198486,
    "separability_score": 0.039874012867205516,
    "inter_class_matrix": [
      [
        0.0,
        0.007957212932402431,
        0.006968877671775552
      ],
      [
        0.007957212932402431,
        0.0,
        0.010688410662278417
      ],
      [
        0.006968877671775552,
        0.010688410662278417,
        0.0
      ]
    ],
    "per_class_intra": [
      0.21495799720287323,
      0.21418246626853943,
      0.21324537694454193
    ],
    "interpretation": "HEAVY overlap"
  }
}