{
  "train_loss": [
    1.099468056458902,
    1.0988793844742386,
    1.0985545741086666,
    1.0985435929425076,
    1.0984162723316866,
    1.0983634101371837,
    1.0981906979314742,
    1.0982813668884408,
    1.0982384756348844,
    1.0982066118061202,
    1.0981048082038618,
    1.0978471119896962,
    1.0979470287147464,
    1.0979167899325406,
    1.0976359996895184,
    1.0975304374884836,
    1.0976042214788115,
    1.0977774197960262,
    1.0976573317055458,
    1.097320601994444,
    1.0973905224275318,
    1.0970900369776269,
    1.097176772593547,
    1.0971513652937235,
    1.0969408016503424,
    1.0972523070603213,
    1.096750967755942,
    1.0970119613397733,
    1.0968569318076464
  ],
  "train_f1": [
    0.32351460739680377,
    0.32406773803681416,
    0.34011084983795326,
    0.3341964681091191,
    0.334386063728527,
    0.34086646306057317,
    0.34018967039685544,
    0.3367300918353362,
    0.34098256234497254,
    0.34407021891673034,
    0.3416620750405271,
    0.3433295027308659,
    0.34367550487670595,
    0.3465834176034224,
    0.3485297052639351,
    0.34893700535597305,
    0.3492763201635661,
    0.34687750298777376,
    0.3478328470559131,
    0.34859920782746157,
    0.34716058281046264,
    0.34857680029799626,
    0.3498542796619126,
    0.3504341011292846,
    0.3493282495742727,
    0.35128432482987265,
    0.3541916447075381,
    0.34989097158168164,
    0.3480929635420263
  ],
  "val_loss": [
    1.0989684631339216,
    1.1005527034270024,
    1.100917262841115,
    1.1015960790414725,
    1.1010176159639273,
    1.1034175769417687,
    1.099145186158408,
    1.101005995168095,
    1.0926731983117297,
    1.102690942519534,
    1.1017238365865387,
    1.1020962859677002,
    1.097107193638793,
    1.0994243168197901,
    1.0999315038191533,
    1.0982126113587776,
    1.094803916669525,
    1.0983104326028739,
    1.0994905238657926,
    1.1009154989656094,
    1.1035440859541428,
    1.1010531746180712,
    1.0980020629621186,
    1.10213922821315,
    1.0995297268428634,
    1.0980382282122048,
    1.0957750525094767,
    1.1007405688277387,
    1.1011831992495376
  ],
  "val_f1": [
    0.19209272727183402,
    0.26696451214470335,
    0.2638666156484144,
    0.2680687186379789,
    0.27391128333085685,
    0.23862442639959727,
    0.29869783465116745,
    0.2509440104825997,
    0.32677471580997247,
    0.221743622695437,
    0.26424674213123645,
    0.25017442352947694,
    0.31109008970170854,
    0.2994216567593911,
    0.29707865243622217,
    0.3055469512959808,
    0.32256853278296593,
    0.2964936823079216,
    0.2836975030602385,
    0.2804045771130823,
    0.25818095998139484,
    0.26810105555205804,
    0.3014907566614082,
    0.2630443875082669,
    0.28665821805564273,
    0.30051820342757907,
    0.3092663327523287,
    0.27699805425676916,
    0.27308575812649144
  ],
  "val_recalls": [
    [
      0.10010403421569761,
      0.8879690949227373,
      0.007816091954022988
    ],
    [
      0.22274881516587677,
      0.6829470198675497,
      0.08873563218390805
    ],
    [
      0.1867992139637036,
      0.2902869757174393,
      0.5328735632183909
    ],
    [
      0.17003814587908914,
      0.49420529801324503,
      0.33425287356321837
    ],
    [
      0.20263553346433938,
      0.326158940397351,
      0.4868965517241379
    ],
    [
      0.09432435556583053,
      0.41611479028697573,
      0.5098850574712643
    ],
    [
      0.29407004970523637,
      0.28725165562913907,
      0.4413793103448276
    ],
    [
      0.192000924748584,
      0.18736203090507728,
      0.6331034482758621
    ],
    [
      0.581435672176627,
      0.1586644591611479,
      0.2671264367816092
    ],
    [
      0.051207952837822215,
      0.5736754966887417,
      0.38804597701149424
    ],
    [
      0.17073170731707318,
      0.3518211920529801,
      0.48919540229885056
    ],
    [
      0.13408854467691597,
      0.37555187637969095,
      0.49195402298850577
    ],
    [
      0.365738064963588,
      0.25,
      0.4050574712643678
    ],
    [
      0.2717604901167495,
      0.380242825607064,
      0.36735632183908046
    ],
    [
      0.2829730666974916,
      0.28532008830022076,
      0.4625287356321839
    ],
    [
      0.34285053751011446,
      0.24972406181015452,
      0.4262068965517241
    ],
    [
      0.4206450121373252,
      0.2958057395143488,
      0.29149425287356323
    ],
    [
      0.29233614611027625,
      0.2927704194260486,
      0.42482758620689653
    ],
    [
      0.21454167148306555,
      0.3956953642384106,
      0.4096551724137931
    ],
    [
      0.2281817130967518,
      0.293598233995585,
      0.5011494252873563
    ],
    [
      0.15986591145532308,
      0.31374172185430466,
      0.5466666666666666
    ],
    [
      0.17963241243786846,
      0.3719646799116998,
      0.45471264367816094
    ],
    [
      0.28366662813547566,
      0.3609271523178808,
      0.37517241379310345
    ],
    [
      0.15582013640041614,
      0.4166666666666667,
      0.43908045977011495
    ],
    [
      0.21997456941394058,
      0.4434326710816777,
      0.3526436781609195
    ],
    [
      0.28759680961738526,
      0.3727924944812362,
      0.3466666666666667
    ],
    [
      0.3551034562478326,
      0.2869757174392936,
      0.3618390804597701
    ],
    [
      0.19928331984741648,
      0.3813465783664459,
      0.4340229885057471
    ],
    [
      0.19153855045659463,
      0.37858719646799116,
      0.4381609195402299
    ]
  ],
  "learning_rate": [
    9.998286624877786e-05,
    9.99314767377287e-05,
    9.984586668665642e-05,
    9.972609476841367e-05,
    9.957224306869053e-05,
    9.93844170297569e-05,
    9.916274537819775e-05,
    9.890738003669029e-05,
    9.861849601988383e-05,
    9.82962913144534e-05,
    9.794098674340965e-05,
    9.755282581475767e-05,
    9.713207455460892e-05,
    9.667902132486008e-05,
    9.619397662556433e-05,
    9.567727288213003e-05,
    9.512926421749304e-05,
    9.455032620941839e-05,
    9.394085563309827e-05,
    9.330127018922194e-05,
    9.263200821770461e-05,
    9.19335283972712e-05,
    9.120630943110079e-05,
    9.045084971874738e-05,
    8.966766701456177e-05,
    8.885729807284856e-05,
    8.802029828000156e-05,
    8.715724127386972e-05,
    8.626871855061438e-05
  ]
}