{
  "experiment": "Class-Balanced Sampling",
  "timestamp": "2026-01-28T19:10:19.553359",
  "configuration": {
    "branch_a_depth": "medium",
    "use_residual": true,
    "use_bilstm": false,
    "normalization": "group",
    "num_groups": 8,
    "dropout_strategy": "adaptive",
    "base_dropout": 0.3,
    "min_dropout": 0.1,
    "loss_function": "plain_ce",
    "use_label_smoothing": 0.1,
    "max_epochs": 120,
    "patience": 20,
    "learning_rate": 0.0001,
    "batch_size": 64,
    "gradient_clip": 1.0,
    "use_balanced_sampler": true,
    "force_cpu": false
  },
  "test_performance": {
    "accuracy": 0.2725259515570934,
    "precision_macro": 0.33158390888525013,
    "recall_macro": 0.3292124440044431,
    "f1_macro": 0.26961098231311525,
    "f1_weighted": 0.2824530552079378
  },
  "per_class_metrics": {
    "class_0": {
      "precision": 0.5977052707063464,
      "recall": 0.19267221451687472,
      "f1": 0.29140809369810333
    },
    "class_1": {
      "precision": 0.2506932889628397,
      "recall": 0.37427546232404085,
      "f1": 0.30026572187776795
    },
    "class_2": {
      "precision": 0.1463531669865643,
      "recall": 0.4206896551724138,
      "f1": 0.21715913136347453
    }
  },
  "confusion_matrix": [
    [
      1667,
      3220,
      3765
    ],
    [
      695,
      1356,
      1572
    ],
    [
      427,
      833,
      915
    ]
  ],
  "prediction_distribution": [
    2789,
    5409,
    6252
  ],
  "all_classes_predicted": true,
  "training": {
    "total_epochs": 29,
    "best_val_f1": 0.32677471580997247,
    "training_time_minutes": 38.882201210657755
  },
  "comparison_to_baseline": {
    "baseline_f1": 0.28493712936310694,
    "balanced_f1": 0.26961098231311525,
    "absolute_improvement": -0.01532614704999169,
    "relative_improvement_percent": -5.378782008595643
  }
}