{
  "train_loss": [
    0.3377238613638011,
    0.16702108525417067,
    0.14898869542009902,
    0.10496496911527532,
    0.08600578711114147,
    0.07004112578138258,
    0.07025955687982566,
    0.07362502848616603,
    0.04453371513888917,
    0.044403083199127155,
    0.05478977527695172,
    0.04163804875199937,
    0.03885729121975601
  ],
  "val_loss": [
    0.16352878564170428,
    0.14424647390842438,
    0.13601364621094295,
    0.15319029773984635,
    0.15579113523874963,
    0.15164906904101372,
    0.16222262329288892,
    0.1751223605658327,
    0.233579264155456,
    0.23040997503059252,
    0.2403371621455465,
    0.19716587449823106,
    0.2500623272997992
  ],
  "val_acc": [
    0.9322128851540616,
    0.9406162464985994,
    0.946218487394958,
    0.9445378151260504,
    0.9484593837535014,
    0.9574229691876751,
    0.9568627450980393,
    0.938375350140056,
    0.9249299719887956,
    0.9288515406162465,
    0.9574229691876751,
    0.9551820728291317,
    0.9490196078431372
  ],
  "lr": [
    0.001,
    0.0009990143508499217,
    0.0009960612933065818,
    0.00099115248173898,
    0.0009843072889837512,
    0.0009755527298894294,
    0.0009649233547011816,
    0.0009524611127067769,
    0.0009382151866819099,
    0.0009222417987882566,
    0.0009046039886902864,
    0.0008853713647665069,
    0.0008646198293969952
  ]
}