{
  "accuracy": 0.9523809523809523,
  "f1": 0.9518398001452612,
  "precision": 0.9517016295006234,
  "recall": 0.9523809523809523,
  "roc_auc": 0.9790360623781676
}