{
  "train_loss": [
    1.100207033487606,
    1.0990723181494726,
    1.0988949272619026,
    1.098782339516808,
    1.0987579487758976,
    1.0986040309212919,
    1.0987537982794093,
    1.0985870991305111,
    1.098730246866903,
    1.0985906448717135,
    1.0986179805571032,
    1.098481300094322,
    1.098450094517992,
    1.0985524594444478,
    1.0984529503382587,
    1.0984120111085431,
    1.0984302581600718,
    1.0985383157259598,
    1.0982569021789579,
    1.0983561702652267,
    1.0982632546542492,
    1.0982307497645238,
    1.09831912479093,
    1.0980794096128763,
    1.0981843720351043,
    1.0982290620595725,
    1.098110424499584,
    1.0980346474294644,
    1.0979554195105463,
    1.0981324068509197,
    1.0982353613770213,
    1.097998624395374,
    1.0980199923777716,
    1.0980140091798338,
    1.0979139695131348,
    1.0979657026124408,
    1.0978353247470602,
    1.098008325023036,
    1.0979697946353022,
    1.097918591530997,
    1.097728562196699,
    1.0978792103915784,
    1.0979238092560017,
    1.098022566348371,
    1.097842873726217,
    1.0980528904093285,
    1.0977408059181706,
    1.0976696144471358,
    1.097586700201487,
    1.097840564753118,
    1.0975809257894584,
    1.0975676400611705,
    1.0974808851048434,
    1.0977882697641057,
    1.097626164583825,
    1.0977763179583613,
    1.097632026084234,
    1.0976173409474643,
    1.097572178949215,
    1.0976112959959474,
    1.0976348726301537,
    1.0979186165264934
  ],
  "train_f1": [
    0.3310941922095963,
    0.32782944553869736,
    0.3228999076279569,
    0.3159605524409927,
    0.3026158926972817,
    0.33542895198378764,
    0.33415432496878034,
    0.3358554558023485,
    0.33330352600561347,
    0.3358383387999176,
    0.31847958467415577,
    0.3317339454588127,
    0.33197733600966167,
    0.3336394649866617,
    0.33995196900349467,
    0.33607393029486565,
    0.3401090319576143,
    0.3361260873424672,
    0.33971905635185734,
    0.3437067621930163,
    0.34192881281881693,
    0.3424712304025932,
    0.3432946479544905,
    0.34484679029547327,
    0.34126999564538285,
    0.3421959780967776,
    0.34396766457332734,
    0.3471046953769643,
    0.3459278607282286,
    0.3431256705816328,
    0.3428821086904732,
    0.34619378172939985,
    0.3471645457673746,
    0.3467951556150883,
    0.3468236776401401,
    0.34840864571043556,
    0.3484444601883708,
    0.3474836661050648,
    0.3458745368104172,
    0.3447691684435443,
    0.347223298406667,
    0.34612803403635595,
    0.34774791798668003,
    0.3489689778235301,
    0.3473899834910341,
    0.345495703671651,
    0.34846150914510843,
    0.3486151813685621,
    0.35051770642278807,
    0.34744328607759795,
    0.35135615025240813,
    0.3492651871584977,
    0.34935810043757315,
    0.34727883346073396,
    0.34827364069955463,
    0.3505616813729848,
    0.3480746655657134,
    0.34864824131600797,
    0.3494801503921779,
    0.3482177996606435,
    0.3496589169677328,
    0.3494621466416585
  ],
  "val_loss": [
    1.0998778664960271,
    1.112273946800063,
    1.107229595690702,
    1.107038745837929,
    1.1054602808656946,
    1.1058528702870933,
    1.103015130600043,
    1.1025558383063931,
    1.1031257863593313,
    1.110720064787738,
    1.1057657388459265,
    1.103446932493058,
    1.1048909125074875,
    1.107109211187447,
    1.1038232171429998,
    1.100478302588505,
    1.105012873632718,
    1.1039498490569866,
    1.1038789933761664,
    1.1053239033285496,
    1.1032475449342642,
    1.1055562781021657,
    1.1035320357938783,
    1.1054061245074314,
    1.1042198496582234,
    1.1047517736401178,
    1.1020627744429934,
    1.104081816377893,
    1.1045016182207428,
    1.1069276090216849,
    1.1044076359377497,
    1.1011604661435153,
    1.105793090520707,
    1.104122722570875,
    1.10213285842828,
    1.102781039951122,
    1.1009276820495066,
    1.101258746290629,
    1.1028421215251483,
    1.1072651548723205,
    1.1037800085228102,
    1.100458444219775,
    1.1026555173164976,
    1.1039465127793033,
    1.1031380860151443,
    1.1032751223682302,
    1.1022082957546269,
    1.1031192498924458,
    1.1038121164372536,
    1.1032829448185135,
    1.1018513952736306,
    1.103184854034829,
    1.1029624321819407,
    1.1032768672546454,
    1.1023814546323456,
    1.1029143713216867,
    1.1024553812710585,
    1.1034215467166058,
    1.1031275792459472,
    1.1029879566842475,
    1.1021194431634076,
    1.1023112377234265
  ],
  "val_f1": [
    0.19214576697864957,
    0.08739827097658902,
    0.08721804511278196,
    0.08840105273086245,
    0.09976864522765365,
    0.20178899356206315,
    0.22505391615128686,
    0.23661081433161643,
    0.21930934185384768,
    0.11683356569191676,
    0.21557498606126826,
    0.21047472094412908,
    0.24750398272064622,
    0.19562981399308302,
    0.21882074928966344,
    0.2687518068992906,
    0.24018162143557878,
    0.22171206670685986,
    0.25674937266094294,
    0.23272525023681986,
    0.2767306177134686,
    0.2560557772752204,
    0.2686680966094104,
    0.2568479643079519,
    0.27023822990359886,
    0.26024293457899766,
    0.2759896099461237,
    0.26154928963178486,
    0.2601951792992564,
    0.22473050354635607,
    0.2516009248533608,
    0.28247626475108567,
    0.23802682429918645,
    0.27142791188518745,
    0.2808532158389078,
    0.2793585041605254,
    0.28890789926944044,
    0.2903483325108956,
    0.2785666072323621,
    0.24075360261474274,
    0.27475408350365554,
    0.29892220577398115,
    0.28102897135903415,
    0.2689663502769877,
    0.27465730008025074,
    0.2704146965999741,
    0.2822580614437389,
    0.2718374542636037,
    0.2648071307721061,
    0.2670455958156195,
    0.2789115466991153,
    0.2659496078161844,
    0.2679431605890155,
    0.26777813037144454,
    0.27593101487397836,
    0.27268410646778446,
    0.27664782008171324,
    0.26885625007020636,
    0.27160633802400774,
    0.2720138191511424,
    0.27462217418721213,
    0.27726471213701503
  ],