{
  "contrastive_loss": [
    4.8564883520394675,
    4.844849481328812,
    4.844464918506462,
    4.844334765532171,
    4.8442863157946805,
    4.844260457803995,
    4.844231457764658,
    4.844222153094331,
    4.844210366332486,
    4.844203825685915,
    4.8442019083654015,
    4.844198952156328,
    4.844197632242065,
    4.844193744115503,
    4.844194995133143,
    4.844192473154104,
    4.844194042365361,
    4.84419302160749,
    4.8441895930939305,
    4.84418927036764,
    4.844190095314055,
    4.844188224226803,
    4.844189551393342,
    4.844188331197876,
    4.844189103565289,
    4.84418849437409,
    4.844188928604126,
    4.8441875542977915,
    4.844189705504211,
    4.844187224319226,
    4.84418712278736,
    4.844188500719832,
    4.844187174459827,
    4.844188612223578,
    4.844187978555948,
    4.844188690185547,
    4.844188485308745,
    4.844188257768581,
    4.84418713094617,
    4.844187714754402,
    4.844187098310927,
    4.844187673053814,
    4.844188391029155,
    4.844187884276358,
    4.844187782744491,
    4.844188071929003,
    4.844186972302629,
    4.844187132759239,
    4.844187096497858,
    4.84418798308862,
    4.844187327664161,
    4.844188121788402,
    4.844187631353226,
    4.844187974023275,
    4.8441875497651194,
    4.844186793715329,
    4.844187101937066,
    4.844187111002411,
    4.844186981367974,
    4.84418770840866
  ],
  "learning_rate": [
    9.99314767377287e-05,
    9.972609476841367e-05,
    9.93844170297569e-05,
    9.89073800366903e-05,
    9.829629131445343e-05,
    9.75528258147577e-05,
    9.66790213248601e-05,
    9.567727288213006e-05,
    9.455032620941841e-05,
    9.330127018922197e-05,
    9.193352839727123e-05,
    9.04508497187474e-05,
    8.885729807284857e-05,
    8.715724127386973e-05,
    8.535533905932739e-05,
    8.345653031794293e-05,
    8.146601955249189e-05,
    7.938926261462367e-05,
    7.723195175075138e-05,
    7.500000000000002e-05,
    7.269952498697736e-05,
    7.033683215379003e-05,
    6.791839747726505e-05,
    6.54508497187474e-05,
    6.294095225512606e-05,
    6.0395584540887984e-05,
    5.782172325201157e-05,
    5.52264231633827e-05,
    5.261679781214721e-05,
    5.0000000000000036e-05,
    4.738320218785284e-05,
    4.477357683661736e-05,
    4.217827674798848e-05,
    3.9604415459112055e-05,
    3.705904774487399e-05,
    3.4549150281252656e-05,
    3.2081602522735006e-05,
    2.9663167846210015e-05,
    2.7300475013022676e-05,
    2.5000000000000025e-05,
    2.2768048249248675e-05,
    2.0610737385376362e-05,
    1.8533980447508148e-05,
    1.6543469682057116e-05,
    1.4644660940672637e-05,
    1.2842758726130309e-05,
    1.1142701927151465e-05,
    9.549150281252641e-06,
    8.06647160272881e-06,
    6.69872981077807e-06,
    5.449673790581616e-06,
    4.322727117869955e-06,
    3.3209786751399153e-06,
    2.447174185242325e-06,
    1.7037086855465854e-06,
    1.0926199633097164e-06,
    6.155829702431174e-07,
    2.7390523158633014e-07,
    6.85232622713084e-08,
    0.0
  ]
}