{
  "model": "Logistic_Regression",
  "dataset": "epileptic_seizure",
  "feature_type": "advanced",
  "num_features": 60,
  "timestamp": "2026-01-17 16:42:57",
  "sampled": false,
  "data_shapes": {
    "train": [
      8050,
      60
    ],
    "val": [
      1725,
      60
    ],
    "test": [
      1725,
      60
    ]
  },
  "original_sizes": {
    "train": 8050,
    "val": 1725,
    "test": 1725
  },
  "validation_metrics": {
    "accuracy": 0.7304347826086957,
    "precision": 0.7312404592064516,
    "recall": 0.7304347826086957,
    "f1_score": 0.7278184479894385,
    "roc_auc": 0.9352287334593573,
    "sensitivity": 0.7304347826086957,
    "specificity": 0.9326086956521739
  },
  "test_metrics": {
    "accuracy": 0.6968115942028985,
    "precision": 0.6930670612966271,
    "recall": 0.6968115942028985,
    "f1_score": 0.6935522023337468,
    "roc_auc": 0.9297277882797732,
    "sensitivity": 0.6968115942028985,
    "specificity": 0.9242028985507247
  },
  "confusion_matrix": [
    [
      334,
      6,
      1,
      4,
      0
    ],
    [
      19,
      163,
      140,
      10,
      13
    ],
    [
      7,
      110,
      194,
      3,
      31
    ],
    [
      2,
      3,
      5,
      253,
      82
    ],
    [
      0,
      10,
      20,
      57,
      258
    ]
  ],
  "classification_report": {
    "1": {
      "precision": 0.9226519337016574,
      "recall": 0.9681159420289855,
      "f1-score": 0.9448373408769448,
      "support": 345.0
    },
    "2": {
      "precision": 0.5582191780821918,
      "recall": 0.47246376811594204,
      "f1-score": 0.5117739403453689,
      "support": 345.0
    },
    "3": {
      "precision": 0.5388888888888889,
      "recall": 0.5623188405797102,
      "f1-score": 0.550354609929078,
      "support": 345.0
    },
    "4": {
      "precision": 0.7737003058103975,
      "recall": 0.7333333333333333,
      "f1-score": 0.7529761904761905,
      "support": 345.0
    },
    "5": {
      "precision": 0.671875,
      "recall": 0.7478260869565218,
      "f1-score": 0.7078189300411523,
      "support": 345.0
    },
    "accuracy": 0.6968115942028985,
    "macro avg": {
      "precision": 0.6930670612966271,
      "recall": 0.6968115942028985,
      "f1-score": 0.6935522023337469,
      "support": 1725.0
    },
    "weighted avg": {
      "precision": 0.6930670612966271,
      "recall": 0.6968115942028985,
      "f1-score": 0.6935522023337468,
      "support": 1725.0
    }
  }
}