{
  "model": "Random_Forest",
  "dataset": "epileptic_seizure",
  "feature_type": "advanced",
  "num_features": 60,
  "timestamp": "2026-01-17 16:43:11",
  "sampled": false,
  "data_shapes": {
    "train": [
      8050,
      60
    ],
    "val": [
      1725,
      60
    ],
    "test": [
      1725,
      60
    ]
  },
  "original_sizes": {
    "train": 8050,
    "val": 1725,
    "test": 1725
  },
  "validation_metrics": {
    "accuracy": 0.7710144927536232,
    "precision": 0.7735585680579063,
    "recall": 0.7710144927536232,
    "f1_score": 0.7706313424208829,
    "roc_auc": 0.9514354127284184,
    "sensitivity": 0.7710144927536232,
    "specificity": 0.9427536231884057
  },
  "test_metrics": {
    "accuracy": 0.7628985507246376,
    "precision": 0.7621264088530599,
    "recall": 0.7628985507246376,
    "f1_score": 0.7614836193760884,
    "roc_auc": 0.9478332283133795,
    "sensitivity": 0.7628985507246375,
    "specificity": 0.9407246376811594
  },
  "confusion_matrix": [
    [
      335,
      6,
      0,
      4,
      0
    ],
    [
      6,
      224,
      89,
      7,
      19
    ],
    [
      8,
      109,
      202,
      8,
      18
    ],
    [
      2,
      7,
      1,
      271,
      64
    ],
    [
      0,
      9,
      17,
      35,
      284
    ]
  ],
  "classification_report": {
    "1": {
      "precision": 0.9544159544159544,
      "recall": 0.9710144927536232,
      "f1-score": 0.9626436781609196,
      "support": 345.0
    },
    "2": {
      "precision": 0.6309859154929578,
      "recall": 0.6492753623188405,
      "f1-score": 0.64,
      "support": 345.0
    },
    "3": {
      "precision": 0.6537216828478964,
      "recall": 0.5855072463768116,
      "f1-score": 0.617737003058104,
      "support": 345.0
    },
    "4": {
      "precision": 0.8338461538461538,
      "recall": 0.7855072463768116,
      "f1-score": 0.808955223880597,
      "support": 345.0
    },
    "5": {
      "precision": 0.7376623376623377,
      "recall": 0.8231884057971014,
      "f1-score": 0.7780821917808219,
      "support": 345.0
    },
    "accuracy": 0.7628985507246376,
    "macro avg": {
      "precision": 0.7621264088530599,
      "recall": 0.7628985507246375,
      "f1-score": 0.7614836193760885,
      "support": 1725.0
    },
    "weighted avg": {
      "precision": 0.7621264088530599,
      "recall": 0.7628985507246376,
      "f1-score": 0.7614836193760884,
      "support": 1725.0
    }
  }
}