{
  "model": "SVM_Linear",
  "dataset": "epileptic_seizure",
  "feature_type": "advanced",
  "num_features": 60,
  "timestamp": "2026-01-17 16:43:02",
  "sampled": false,
  "data_shapes": {
    "train": [
      8050,
      60
    ],
    "val": [
      1725,
      60
    ],
    "test": [
      1725,
      60
    ]
  },
  "original_sizes": {
    "train": 8050,
    "val": 1725,
    "test": 1725
  },
  "validation_metrics": {
    "accuracy": 0.7257971014492753,
    "precision": 0.7257239426898906,
    "recall": 0.7257971014492753,
    "f1_score": 0.7229533152048457,
    "roc_auc": 0.9351695022054191,
    "sensitivity": 0.7257971014492753,
    "specificity": 0.9314492753623188
  },
  "test_metrics": {
    "accuracy": 0.6956521739130435,
    "precision": 0.6921835159444621,
    "recall": 0.6956521739130435,
    "f1_score": 0.692235875265398,
    "roc_auc": 0.929003570678429,
    "sensitivity": 0.6956521739130436,
    "specificity": 0.923913043478261
  },
  "confusion_matrix": [
    [
      335,
      6,
      1,
      3,
      0
    ],
    [
      17,
      162,
      138,
      11,
      17
    ],
    [
      7,
      108,
      192,
      2,
      36
    ],
    [
      2,
      3,
      5,
      252,
      83
    ],
    [
      0,
      11,
      19,
      56,
      259
    ]
  ],
  "classification_report": {
    "1": {
      "precision": 0.9279778393351801,
      "recall": 0.9710144927536232,
      "f1-score": 0.9490084985835694,
      "support": 345.0
    },
    "2": {
      "precision": 0.5586206896551724,
      "recall": 0.46956521739130436,
      "f1-score": 0.510236220472441,
      "support": 345.0
    },
    "3": {
      "precision": 0.5408450704225352,
      "recall": 0.5565217391304348,
      "f1-score": 0.5485714285714286,
      "support": 345.0
    },
    "4": {
      "precision": 0.7777777777777778,
      "recall": 0.7304347826086957,
      "f1-score": 0.7533632286995515,
      "support": 345.0
    },
    "5": {
      "precision": 0.6556962025316456,
      "recall": 0.7507246376811594,
      "f1-score": 0.7,
      "support": 345.0
    },
    "accuracy": 0.6956521739130435,
    "macro avg": {
      "precision": 0.6921835159444621,
      "recall": 0.6956521739130436,
      "f1-score": 0.6922358752653981,
      "support": 1725.0
    },
    "weighted avg": {
      "precision": 0.6921835159444621,
      "recall": 0.6956521739130435,
      "f1-score": 0.692235875265398,
      "support": 1725.0
    }
  }
}