{
  "train_loss": [
    0.9431689267932124,
    0.939814908624374,
    0.9394643763286414,
    0.9394414517262705,
    0.9390460801682542,
    0.9390654246276274,
    0.9389760417888467,
    0.9390913578507871,
    0.9392907092233461,
    0.938987249761801,
    0.9389499233238008,
    0.9389437677021799,
    0.9389460202374841,
    0.9391646254183295,
    0.9390718560291196
  ],
  "val_loss": [
    0.9399827317853945,
    0.9394827820910113,
    0.9392467309064219,
    0.9392242732301223,
    0.9392104350184269,
    0.939295142537373,
    0.9392168224737004,
    0.9393501756465541,
    0.9392278154866885,
    0.9392132743269996,
    0.9392311407753148,
    0.9392135778887082,
    0.9392230533568908,
    0.9392229173563224,
    0.9392285850723233
  ],
  "train_acc": [
    0.5986100332662735,
    0.5987138359028605,
    0.5987138359028605,
    0.5987138359028605,
    0.5987138359028605,
    0.5987138359028605,
    0.5987138359028605,
    0.5987138359028605,
    0.5987138359028605,
    0.5987138359028605,
    0.5987138359028605,
    0.5987138359028605,
    0.5987138359028605,
    0.5987138359028605,
    0.5987138359028605
  ],
  "val_acc": []
}