{
  "Set A": {
    "precision": 1.0,
    "recall": 0.6,
    "f1-score": 0.75,
    "support": 15.0
  },
  "Set B": {
    "precision": 0.7,
    "recall": 0.9333333333333333,
    "f1-score": 0.8,
    "support": 15.0
  },
  "Set D": {
    "precision": 0.9375,
    "recall": 1.0,
    "f1-score": 0.967741935483871,
    "support": 15.0
  },
  "Set E (Seizure)": {
    "precision": 1.0,
    "recall": 1.0,
    "f1-score": 1.0,
    "support": 15.0
  },
  "accuracy": 0.8833333333333333,
  "macro avg": {
    "precision": 0.909375,
    "recall": 0.8833333333333333,
    "f1-score": 0.8794354838709677,
    "support": 60.0
  },
  "weighted avg": {
    "precision": 0.909375,
    "recall": 0.8833333333333333,
    "f1-score": 0.8794354838709677,
    "support": 60.0
  }
}