{
  "train_loss": [
    0.9435133918563751,
    0.9397696702824145,
    0.9392568287330666,
    0.9395022243921097,
    0.9391855067614133,
    0.9390445391940286,
    0.9389518729159532,
    0.9390977365845445,
    0.9390269614789095,
    0.9390357120138116,
    0.9390657212559291,
    0.9391033439075246,
    0.9391460477137098,
    0.9392574297748435,
    0.9390376756305864,
    0.9391131930943911,
    0.9391638671650606,
    0.9390205667789491,
    0.9391103908089729,
    0.9390620851463943
  ],
  "val_loss": [
    0.9393358183118095,
    0.9393153143140067,
    0.9392756287854681,
    0.939348344693845,
    0.9392706185667212,
    0.9393199562674779,
    0.9392394045461244,
    0.9392184448101527,
    0.9392319967788932,
    0.9392089383088733,
    0.93924109932244,
    0.9392975295363626,
    0.9392203753676738,
    0.939249260675239,
    0.9392158401399235,
    0.9392165249779513,
    0.9392217060985115,
    0.9392271859455953,
    0.9392243646590759,
    0.939228604325151
  ],
  "train_acc": [
    0.5986446341451359,
    0.5987138359028605,
    0.5987138359028605,
    0.5987138359028605,
    0.5987138359028605,
    0.5987138359028605,
    0.5987138359028605,
    0.5987138359028605,
    0.5987138359028605,
    0.5987138359028605,
    0.5987138359028605,
    0.5987138359028605,
    0.5987138359028605,
    0.5987138359028605,
    0.5987138359028605,
    0.5987138359028605,
    0.5987138359028605,
    0.5987138359028605,
    0.5987138359028605,
    0.5987138359028605
  ],
  "val_acc": []
}