{
  "accuracy": 0.5987267023436058,
  "f1": 0.4484489607557752,
  "precision": 0.3584736640992488,
  "recall": 0.5987267023436058
}