{
  "dataset": "Bonn EEG",
  "frozen_file": "baseline_bonn_eeg.pt",
  "metrics": {
    "accuracy": 0.8166666666666667,
    "f1": 0.8126564295919134,
    "precision": 0.8802083333333334,
    "recall": 0.8166666666666667,
    "roc_auc": null
  },
  "training": {
    "epochs_trained": 24,
    "final_train_loss": 0.12403059254089992,
    "final_val_loss": 0.5153685808181763,
    "best_val_loss": 0.31459468603134155
  },
  "frozen_date": "2026-01-24T15:54:10.354992"
}