{
  "dataset": "Epileptic Seizure",
  "frozen_file": "baseline_epileptic_seizure.pt",
  "metrics": {
    "accuracy": 0.6846376811594203,
    "f1": 0.6832371469981189,
    "precision": 0.7057625235836871,
    "recall": 0.6846376811594203,
    "roc_auc": null
  },
  "training": {
    "epochs_trained": 19,
    "final_train_loss": 0.2749125205335163,
    "final_val_loss": 0.9109156812940326,
    "best_val_loss": 0.658256505216871
  },
  "frozen_date": "2026-01-24T15:54:12.387929"
}