{
  "Non-seizure": {
    "precision": 0.9633471645919779,
    "recall": 0.9775438596491228,
    "f1-score": 0.9703935910832463,
    "support": 1425.0
  },
  "Seizure": {
    "precision": 0.9056047197640118,
    "recall": 0.8527777777777777,
    "f1-score": 0.8783977110157367,
    "support": 360.0
  },
  "accuracy": 0.9523809523809523,
  "macro avg": {
    "precision": 0.9344759421779949,
    "recall": 0.9151608187134503,
    "f1-score": 0.9243956510494915,
    "support": 1785.0
  },
  "weighted avg": {
    "precision": 0.9517016295006234,
    "recall": 0.9523809523809523,
    "f1-score": 0.9518398001452612,
    "support": 1785.0
  }
}