{
  "train_loss": [
    1.099592869489876,
    1.098912076434329,
    1.0987970005628958,
    1.0987052968376276,
    1.098862579696771,
    1.098602485950803,
    1.0984951840179922,
    1.098438227538592,
    1.0985747552008511,
    1.0983785620450521,
    1.0983718335063,
    1.0984188854355061,
    1.0981921744753784,
    1.0982002876062773,
    1.0981347343727126,
    1.097984142954933,
    1.0980904888382899,
    1.0980186565324974,
    1.0979368747750993,
    1.0979932648407214,
    1.0978905085820627,
    1.097823023456776,
    1.0977618850385893,
    1.0976303222057262,
    1.0975591508668108
  ],
  "train_f1": [
    0.32035961103182187,
    0.32142496365873435,
    0.3192548084429953,
    0.31222325899086006,
    0.3188762379766718,
    0.32954547583032795,
    0.3120030154377779,
    0.3264298901572989,
    0.3241500423139147,
    0.31934313500488,
    0.32109306254785547,
    0.32445640082573113,
    0.3239680258947469,
    0.3290655531983541,
    0.3203446620490817,
    0.3296498458520441,
    0.3071455726449314,
    0.3200706635094755,
    0.3246108348726735,
    0.3208996133992598,
    0.32059190783825703,
    0.3230872405460032,
    0.3248094685960308,
    0.324798493058759,
    0.3227127476963538
  ],
  "val_loss": [
    1.0987010803897823,
    1.0987645287429337,
    1.0986809329648988,
    1.0989276988316425,
    1.098944186636832,
    1.0986573838554652,
    1.098627426982981,
    1.0985142045316443,
    1.098573213129972,
    1.098494360404732,
    1.098503309541044,
    1.0985064258617638,
    1.0985651548984832,
    1.0987392547911248,
    1.0986770096078384,
    1.09880310929982,
    1.0988126708342967,
    1.0988500782873778,
    1.0988358913269718,
    1.0989220369178636,
    1.0990274479958864,
    1.0989330563925008,
    1.098974362938805,
    1.0990067382829378,
    1.099019765326407
  ],
  "val_f1": [
    0.19562157883018236,
    0.19162829140716628,
    0.2292566099265391,
    0.1746465865597884,
    0.1936421685730072,
    0.19829423640322252,
    0.2558047156456997,
    0.2596075316310374,
    0.2407651767738567,
    0.3361781182612609,
    0.2935524362329664,
    0.24738848080847178,
    0.26756400723166934,
    0.21685820723063184,
    0.27632509646376496,
    0.2189164368161306,
    0.3014735050275628,
    0.30490534647122824,
    0.28194754225652713,
    0.2850370064603719,
    0.3069370548031655,
    0.3132491587464328,
    0.289915834161749,
    0.30676580942539106,
    0.293595902250534
  ],
  "val_recalls": [
    [
      0.008669517974800601,
      0.5811258278145696,
      0.40873563218390807
    ],
    [
      0.027742457519361923,
      0.31236203090507725,
      0.6602298850574713
    ],
    [
      0.17963241243786846,
      0.8115342163355408,
      0.014252873563218391
    ],
    [
      0.05837475436365738,
      0.12141280353200883,
      0.8183908045977012
    ],
    [
      0.0,
      0.6106512141280354,
      0.40413793103448276
    ],
    [
      0.010634608715755405,
      0.6903973509933775,
      0.3085057471264368
    ],
    [
      0.20332909490232343,
      0.7513796909492274,
      0.05747126436781609
    ],
    [
      0.14657265056062882,
      0.5322847682119205,
      0.3167816091954023
    ],
    [
      0.09686741417177205,
      0.6487306843267108,
      0.26022988505747124
    ],
    [
      0.581435672176627,
      0.2381346578366446,
      0.1917241379310345
    ],
    [
      0.24216853542943012,
      0.43129139072847683,
      0.3466666666666667
    ],
    [
      0.1081955843255115,
      0.5609823399558499,
      0.34022988505747126
    ],
    [
      0.16321812507224598,
      0.6051324503311258,
      0.24459770114942528
    ],
    [
      0.04762455207490464,
      0.6926048565121413,
      0.26482758620689656
    ],
    [
      0.17812969598890302,
      0.548289183222958,
      0.29747126436781607
    ],
    [
      0.05086117211883019,
      0.6139624724061811,
      0.33241379310344826
    ],
    [
      0.2710669286787655,
      0.45171081677704195,
      0.29701149425287354
    ],
    [
      0.3203097907756329,
      0.2980132450331126,
      0.3972413793103448
    ],
    [
      0.2010172234423766,
      0.49420529801324503,
      0.3213793103448276
    ],
    [
      0.2144260779100682,
      0.4439845474613687,
      0.35770114942528736
    ],
    [
      0.33140677378337763,
      0.3018763796909492,
      0.3779310344827586
    ],
    [
      0.3441220668130852,
      0.35209713024282563,
      0.31632183908045974
    ],
    [
      0.2325742688706508,
      0.5013796909492274,
      0.27770114942528734
    ],
    [
      0.312218240665819,
      0.36837748344370863,
      0.33011494252873563
    ],
    [
      0.2469078719223211,
      0.49972406181015455,
      0.26482758620689656
    ]
  ],
  "val_pred_dist": [
    [
      125,
      8417,
      5908
    ],
    [
      393,
      4632,
      9425
    ],
    [
      2610,
      11618,
      222
    ],
    [
      843,
      1742,
      11865
    ],
    [
      0,
      8745,
      5705
    ],
    [
      149,
      9868,
      4433
    ],
    [
      2848,
      10756,
      846
    ],
    [
      2143,
      7718,
      4589
    ],
    [
      1431,
      9338,
      3681
    ],
    [
      8335,
      3395,
      2720
    ],
    [
      3426,
      6169,
      4855
    ],
    [
      1523,
      8037,
      4890
    ],
    [
      2312,
      8616,
      3522
    ],
    [
      681,
      10000,
      3769
    ],
    [
      2510,
      7828,
      4112
    ],
    [
      771,
      8951,
      4728
    ],
    [
      3837,
      6499,
      4114
    ],
    [
      4550,
      4290,
      5610
    ],
    [
      2846,
      7082,
      4522
    ],
    [
      3034,
      6321,
      5095
    ],
    [
      4729,
      4349,
      5372
    ],
    [
      4906,
      5042,
      4502
    ],
    [
      3311,
      7223,
      3916
    ],
    [
      4466,
      5332,
      4652
    ],
    [
      3511,
      7246,
      3693
    ]
  ],
  "learning_rate": [
    9.997532801828658e-05,
    9.990133642141359e-05,
    9.977809823015401e-05,
    9.960573506572391e-05,
    9.93844170297569e-05,
    9.911436253643445e-05,
    9.879583809693738e-05,
    9.842915805643157e-05,
    9.801468428384717e-05,
    9.75528258147577e-05,
    9.70440384477113e-05,
    9.64888242944126e-05,
    9.588773128419907e-05,
    9.5241352623301e-05,
    9.455032620941843e-05,
    9.381533400219321e-05,
    9.303710135019722e-05,
    9.22163962751008e-05,
    9.135402871372814e-05,
    9.045084971874742e-05,
    8.950775061878456e-05,
    8.852566213878951e-05,
    8.750555348152303e-05,
    8.644843137107063e-05,
    8.535533905932742e-05
  ]
}