{
  "StandardScaler": {
    "accuracy": 0.5,
    "f1_macro": 0.2222222222222222,
    "retention": 80.42787630192625,
    "confusion_matrix": [
      [
        200,
        0,
        0
      ],
      [
        100,
        0,
        0
      ],
      [
        100,
        0,
        0
      ]
    ]
  },
  "Per-Sample": {
    "accuracy": 0.5,
    "f1_macro": 0.2222222222222222,
    "retention": 80.42787630192625,
    "confusion_matrix": [
      [
        200,
        0,
        0
      ],
      [
        100,
        0,
        0
      ],
      [
        100,
        0,
        0
      ]
    ]
  },
  "Per-Feature": {
    "accuracy": 0.5,
    "f1_macro": 0.2222222222222222,
    "retention": 80.42787630192625,
    "confusion_matrix": [
      [
        200,
        0,
        0
      ],
      [
        100,
        0,
        0
      ],
      [
        100,
        0,
        0
      ]
    ]
  }
}