{
  "model": "Logistic_Regression",
  "dataset": "epileptic_seizure",
  "timestamp": "2026-01-15 17:03:59",
  "sampled": false,
  "data_shapes": {
    "train": [
      8050,
      25
    ],
    "val": [
      1725,
      25
    ],
    "test": [
      1725,
      25
    ]
  },
  "original_sizes": {
    "train": 8050,
    "val": 1725,
    "test": 1725
  },
  "validation_metrics": {
    "accuracy": 0.6991304347826087,
    "precision": 0.695187702672936,
    "recall": 0.6991304347826087,
    "f1_score": 0.6955410001458773,
    "roc_auc": 0.9247032136105859,
    "sensitivity": 0.6991304347826086,
    "specificity": 0.9247826086956522
  },
  "test_metrics": {
    "accuracy": 0.662608695652174,
    "precision": 0.6555297913993773,
    "recall": 0.662608695652174,
    "f1_score": 0.657483535463372,
    "roc_auc": 0.9134076874606176,
    "sensitivity": 0.662608695652174,
    "specificity": 0.9156521739130437
  },
  "confusion_matrix": [
    [
      333,
      8,
      1,
      3,
      0
    ],
    [
      20,
      148,
      143,
      18,
      16
    ],
    [
      13,
      118,
      177,
      7,
      30
    ],
    [
      8,
      5,
      1,
      236,
      95
    ],
    [
      0,
      14,
      23,
      59,
      249
    ]
  ],
  "classification_report": {
    "1": {
      "precision": 0.8903743315508021,
      "recall": 0.9652173913043478,
      "f1-score": 0.9262865090403338,
      "support": 345.0
    },
    "2": {
      "precision": 0.5051194539249146,
      "recall": 0.4289855072463768,
      "f1-score": 0.46394984326018807,
      "support": 345.0
    },
    "3": {
      "precision": 0.5130434782608696,
      "recall": 0.5130434782608696,
      "f1-score": 0.5130434782608696,
      "support": 345.0
    },
    "4": {
      "precision": 0.7306501547987616,
      "recall": 0.6840579710144927,
      "f1-score": 0.7065868263473054,
      "support": 345.0
    },
    "5": {
      "precision": 0.6384615384615384,
      "recall": 0.7217391304347827,
      "f1-score": 0.6775510204081633,
      "support": 345.0
    },
    "accuracy": 0.662608695652174,
    "macro avg": {
      "precision": 0.6555297913993773,
      "recall": 0.662608695652174,
      "f1-score": 0.6574835354633721,
      "support": 1725.0
    },
    "weighted avg": {
      "precision": 0.6555297913993773,
      "recall": 0.662608695652174,
      "f1-score": 0.657483535463372,
      "support": 1725.0
    }
  }
}