{
  "model": "Random_Forest",
  "dataset": "epileptic_seizure",
  "timestamp": "2026-01-16 17:32:44",
  "sampled": false,
  "data_shapes": {
    "train": [
      8050,
      25
    ],
    "val": [
      1725,
      25
    ],
    "test": [
      1725,
      25
    ]
  },
  "original_sizes": {
    "train": 8050,
    "val": 1725,
    "test": 1725
  },
  "validation_metrics": {
    "accuracy": 0.7472463768115942,
    "precision": 0.7490442136423556,
    "recall": 0.7472463768115942,
    "f1_score": 0.746279006111114,
    "roc_auc": 0.944956731779038,
    "sensitivity": 0.7472463768115942,
    "specificity": 0.9368115942028986
  },
  "test_metrics": {
    "accuracy": 0.7431884057971014,
    "precision": 0.7436109928635924,
    "recall": 0.7431884057971014,
    "f1_score": 0.7428038361972787,
    "roc_auc": 0.9418273471959673,
    "sensitivity": 0.7431884057971014,
    "specificity": 0.9357971014492753
  },
  "confusion_matrix": [
    [
      332,
      7,
      2,
      4,
      0
    ],
    [
      6,
      204,
      114,
      10,
      11
    ],
    [
      7,
      101,
      209,
      10,
      18
    ],
    [
      3,
      6,
      3,
      262,
      71
    ],
    [
      0,
      8,
      27,
      35,
      275
    ]
  ],
  "classification_report": {
    "1": {
      "precision": 0.9540229885057471,
      "recall": 0.9623188405797102,
      "f1-score": 0.9581529581529582,
      "support": 345.0
    },
    "2": {
      "precision": 0.6257668711656442,
      "recall": 0.591304347826087,
      "f1-score": 0.6080476900149031,
      "support": 345.0
    },
    "3": {
      "precision": 0.5887323943661972,
      "recall": 0.6057971014492753,
      "f1-score": 0.5971428571428572,
      "support": 345.0
    },
    "4": {
      "precision": 0.8161993769470405,
      "recall": 0.7594202898550725,
      "f1-score": 0.7867867867867868,
      "support": 345.0
    },
    "5": {
      "precision": 0.7333333333333333,
      "recall": 0.7971014492753623,
      "f1-score": 0.7638888888888888,
      "support": 345.0
    },
    "accuracy": 0.7431884057971014,
    "macro avg": {
      "precision": 0.7436109928635924,
      "recall": 0.7431884057971014,
      "f1-score": 0.742803836197279,
      "support": 1725.0
    },
    "weighted avg": {
      "precision": 0.7436109928635924,
      "recall": 0.7431884057971014,
      "f1-score": 0.7428038361972787,
      "support": 1725.0
    }
  }
}