{
  "model": "SVM_Linear",
  "dataset": "epileptic_seizure",
  "timestamp": "2026-01-15 17:04:01",
  "sampled": false,
  "data_shapes": {
    "train": [
      8050,
      25
    ],
    "val": [
      1725,
      25
    ],
    "test": [
      1725,
      25
    ]
  },
  "original_sizes": {
    "train": 8050,
    "val": 1725,
    "test": 1725
  },
  "validation_metrics": {
    "accuracy": 0.6997101449275362,
    "precision": 0.6958649073891735,
    "recall": 0.6997101449275362,
    "f1_score": 0.6959515952219065,
    "roc_auc": 0.923829027515228,
    "sensitivity": 0.6997101449275362,
    "specificity": 0.9249275362318843
  },
  "test_metrics": {
    "accuracy": 0.6631884057971015,
    "precision": 0.6558517578698665,
    "recall": 0.6631884057971015,
    "f1_score": 0.6574925882834073,
    "roc_auc": 0.9120781348456206,
    "sensitivity": 0.6631884057971014,
    "specificity": 0.9157971014492754
  },
  "confusion_matrix": [
    [
      332,
      8,
      1,
      4,
      0
    ],
    [
      19,
      142,
      149,
      20,
      15
    ],
    [
      13,
      109,
      182,
      9,
      32
    ],
    [
      6,
      3,
      1,
      239,
      96
    ],
    [
      0,
      13,
      22,
      61,
      249
    ]
  ],
  "classification_report": {
    "1": {
      "precision": 0.8972972972972973,
      "recall": 0.9623188405797102,
      "f1-score": 0.9286713286713286,
      "support": 345.0
    },
    "2": {
      "precision": 0.5163636363636364,
      "recall": 0.4115942028985507,
      "f1-score": 0.45806451612903226,
      "support": 345.0
    },
    "3": {
      "precision": 0.5126760563380282,
      "recall": 0.527536231884058,
      "f1-score": 0.52,
      "support": 345.0
    },
    "4": {
      "precision": 0.7177177177177178,
      "recall": 0.6927536231884058,
      "f1-score": 0.7050147492625368,
      "support": 345.0
    },
    "5": {
      "precision": 0.6352040816326531,
      "recall": 0.7217391304347827,
      "f1-score": 0.6757123473541384,
      "support": 345.0
    },
    "accuracy": 0.6631884057971015,
    "macro avg": {
      "precision": 0.6558517578698665,
      "recall": 0.6631884057971014,
      "f1-score": 0.6574925882834073,
      "support": 1725.0
    },
    "weighted avg": {
      "precision": 0.6558517578698665,
      "recall": 0.6631884057971015,
      "f1-score": 0.6574925882834073,
      "support": 1725.0
    }
  }
}