{
  "train_loss": [
    0.9827689348705231,
    0.7312402781986055,
    0.6732053690486484,
    0.6363335431568207,
    0.5897028332664853,
    0.5514762042060731,
    0.525487222368755,
    0.49764110266216216,
    0.47920049939836773,
    0.4506143473443531,
    0.4248197599062844,
    0.39154299147545346,
    0.3750024348024338,
    0.36043219835985274,
    0.34401489202938385,
    0.32171261050398386,
    0.28555513279778616,
    0.2798877642268226,
    0.2749125205335163
  ],
  "val_loss": [
    0.7948040323598045,
    0.7619498499802181,
    0.7069323488644191,
    0.7027190583092826,
    0.7046542635985783,
    0.6625612080097198,
    0.6599735873086112,
    0.7290839723178318,
    0.658256505216871,
    0.7871220750468118,
    0.7388610626970019,
    0.9361702033451625,
    0.8601283303328923,
    0.7706741988658905,
    0.8599232648100171,
    0.8098890696253095,
    0.9195895535605294,
    1.0079168932778495,
    0.9109156812940326
  ],
  "val_acc": [
    0.6289855072463768,
    0.6446376811594203,
    0.6660869565217391,
    0.6776811594202898,
    0.6828985507246377,
    0.7002898550724638,
    0.7153623188405797,
    0.688695652173913,
    0.7130434782608696,
    0.6927536231884058,
    0.7002898550724638,
    0.68,
    0.6834782608695652,
    0.7136231884057971,
    0.7002898550724638,
    0.7084057971014492,
    0.6985507246376812,
    0.6898550724637681,
    0.6927536231884058
  ],
  "lr": [
    0.001,
    0.0009990143508499217,
    0.0009960612933065818,
    0.00099115248173898,
    0.0009843072889837512,
    0.0009755527298894294,
    0.0009649233547011816,
    0.0009524611127067769,
    0.0009382151866819099,
    0.0009222417987882566,
    0.0009046039886902864,
    0.0008853713647665069,
    0.0008646198293969952,
    0.0008424312794113801,
    0.0008188932828794706,
    0.0007940987335200905,
    0.0007681454840920089,
    0.0007411359602138069,
    0.0007131767561367538
  ]
}