{
  "accuracy": 0.6846376811594203,
  "f1": 0.6832371469981189,
  "precision": 0.7057625235836871,
  "recall": 0.6846376811594203,
  "roc_auc": null
}