{
  "train_loss": [
    1.0711950244668313,
    1.0676253920375056,
    1.0664803234743665,
    1.066832156346464,
    1.066244852836942,
    1.0661458409827846,
    1.0662445795264597,
    1.065967212196093,
    1.0662379807154638,
    1.0656696678452067,
    1.065878232584054,
    1.0652702756692607,
    1.0653535669397358,
    1.0656224814379691,
    1.0657057730477495,
    1.0647584303393536
  ],
  "train_f1": [
    0.1188969204381608,
    0.09390088506958634,
    0.09082359681134237,
    0.08797007315841827,
    0.08907949033016864,
    0.08937357128735252,
    0.08796370732260282,
    0.08818026954389473,
    0.08762310054995465,
    0.08745636413222115,
    0.08755723236209872,
    0.0872796911722607,
    0.08893778310238852,
    0.08770190624057787,
    0.08751960920191532,
    0.08765380044081078
  ],
  "val_loss": [
    1.066195929208688,
    1.0664514102767,
    1.0657458497887164,
    1.0662246072186834,
    1.0655721576340431,
    1.0659450144894356,
    1.065833990552784,
    1.0663445750168994,
    1.065981502554058,
    1.0661220656032055,
    1.0656251382511275,
    1.0657175399560843,
    1.0658163905671212,
    1.065802893279928,
    1.0657784100127432,
    1.0659138320294101
  ],
  "val_f1": [
    0.08721804511278196,
    0.08721804511278196,
    0.08721804511278196,
    0.08721804511278196,
    0.08721804511278196,
    0.08721804511278196,
    0.08721804511278196,
    0.08721804511278196,
    0.08721804511278196,
    0.08721804511278196,
    0.08721804511278196,
    0.08721804511278196,
    0.08721804511278196,
    0.08721804511278196,
    0.08721804511278196,
    0.08721804511278196
  ],
  "val_recalls": [
    [
      0.0,
      0.0,
      1.0
    ],
    [
      0.0,
      0.0,
      1.0
    ],
    [
      0.0,
      0.0,
      1.0
    ],
    [
      0.0,
      0.0,
      1.0
    ],
    [
      0.0,
      0.0,
      1.0
    ],
    [
      0.0,
      0.0,
      1.0
    ],
    [
      0.0,
      0.0,
      1.0
    ],
    [
      0.0,
      0.0,
      1.0
    ],
    [
      0.0,
      0.0,
      1.0
    ],
    [
      0.0,
      0.0,
      1.0
    ],
    [
      0.0,
      0.0,
      1.0
    ],
    [
      0.0,
      0.0,
      1.0
    ],
    [
      0.0,
      0.0,
      1.0
    ],
    [
      0.0,
      0.0,
      1.0
    ],
    [
      0.0,
      0.0,
      1.0
    ],
    [
      0.0,
      0.0,
      1.0
    ]
  ],
  "learning_rate": [
    9.997532801828658e-05,
    9.990133642141359e-05,
    9.977809823015401e-05,
    9.960573506572391e-05,
    9.93844170297569e-05,
    9.911436253643445e-05,
    9.879583809693738e-05,
    9.842915805643157e-05,
    9.801468428384717e-05,
    9.75528258147577e-05,
    9.70440384477113e-05,
    9.64888242944126e-05,
    9.588773128419907e-05,
    9.5241352623301e-05,
    9.455032620941843e-05,
    9.381533400219321e-05
  ]
}