{
  "train_loss": [
    1.5058767795562744,
    1.2659788131713867,
    1.029159665107727,
    0.855672021706899,
    0.7023783723513285,
    0.569749653339386,
    0.5409578879674276,
    0.372353990872701,
    0.36084045966466266,
    0.21842427055040994,
    0.2656632612148921,
    0.2874658207098643,
    0.32383832335472107,
    0.2074392686287562,
    0.22978846480449042,
    0.16672724982102713,
    0.23348550498485565,
    0.19586831331253052,
    0.23402225971221924,
    0.16599555810292563,
    0.23468652367591858,
    0.13353381057580313,
    0.086653516938289,
    0.12403059254089992
  ],
  "val_loss": [
    1.5857526063919067,
    1.535996913909912,
    1.4439797401428223,
    1.3942995071411133,
    1.4556981325149536,
    1.4286715984344482,
    1.3106193542480469,
    1.3010209798812866,
    1.1756885051727295,
    0.709691047668457,
    0.38117024302482605,
    0.39575982093811035,
    0.319352924823761,
    0.31459468603134155,
    0.3475137948989868,
    0.32292330265045166,
    0.46613624691963196,
    0.39648544788360596,
    0.31594517827033997,
    1.0208250284194946,
    1.1031140089035034,
    0.36557888984680176,
    0.42502501606941223,
    0.5153685808181763
  ],
  "val_acc": [
    0.25,
    0.2833333333333333,
    0.3,
    0.26666666666666666,
    0.26666666666666666,
    0.4166666666666667,
    0.5666666666666667,
    0.5333333333333333,
    0.5666666666666667,
    0.6833333333333333,
    0.85,
    0.85,
    0.9,
    0.9,
    0.8833333333333333,
    0.9,
    0.8666666666666667,
    0.8666666666666667,
    0.8833333333333333,
    0.8,
    0.7666666666666667,
    0.85,
    0.8666666666666667,
    0.85
  ],
  "lr": [
    0.001,
    0.0009990143508499217,
    0.0009960612933065818,
    0.00099115248173898,
    0.0009843072889837512,
    0.0009755527298894294,
    0.0009649233547011816,
    0.0009524611127067769,
    0.0009382151866819099,
    0.0009222417987882566,
    0.0009046039886902864,
    0.0008853713647665069,
    0.0008646198293969952,
    0.0008424312794113801,
    0.0008188932828794706,
    0.0007940987335200905,
    0.0007681454840920089,
    0.0007411359602138069,
    0.0007131767561367538,
    0.0006843782140659968,
    0.0006548539886902864,
    0.0006247205986388449,
    0.0005940969666355697,
    0.0005631039501653701
  ]
}