{
  "accuracy": 0.8166666666666667,
  "f1": 0.8126564295919134,
  "precision": 0.8802083333333334,
  "recall": 0.8166666666666667,
  "roc_auc": null
}