{
  "model": "Logistic_Regression",
  "dataset": "bonn_eeg",
  "feature_type": "advanced",
  "num_features": 60,
  "timestamp": "2026-01-17 16:39:32",
  "sampled": false,
  "data_shapes": {
    "train": [
      280,
      60
    ],
    "val": [
      60,
      60
    ],
    "test": [
      60,
      60
    ]
  },
  "original_sizes": {
    "train": 280,
    "val": 60,
    "test": 60
  },
  "validation_metrics": {
    "accuracy": 0.9,
    "precision": 0.9133771929824561,
    "recall": 0.9,
    "f1_score": 0.9009653669897077,
    "roc_auc": 0.9925925925925926,
    "sensitivity": 0.8999999999999999,
    "specificity": 0.9666666666666667
  },
  "test_metrics": {
    "accuracy": 0.9,
    "precision": 0.9040178571428572,
    "recall": 0.9,
    "f1_score": 0.9010011123470524,
    "roc_auc": 0.9911111111111112,
    "sensitivity": 0.9,
    "specificity": 0.9666666666666667
  },
  "confusion_matrix": [
    [
      14,
      1,
      0,
      0
    ],
    [
      2,
      13,
      0,
      0
    ],
    [
      0,
      0,
      14,
      1
    ],
    [
      0,
      2,
      0,
      13
    ]
  ],
  "classification_report": {
    "1": {
      "precision": 0.875,
      "recall": 0.9333333333333333,
      "f1-score": 0.9032258064516129,
      "support": 15.0
    },
    "2": {
      "precision": 0.8125,
      "recall": 0.8666666666666667,
      "f1-score": 0.8387096774193549,
      "support": 15.0
    },
    "4": {
      "precision": 1.0,
      "recall": 0.9333333333333333,
      "f1-score": 0.9655172413793104,
      "support": 15.0
    },
    "5": {
      "precision": 0.9285714285714286,
      "recall": 0.8666666666666667,
      "f1-score": 0.896551724137931,
      "support": 15.0
    },
    "accuracy": 0.9,
    "macro avg": {
      "precision": 0.9040178571428572,
      "recall": 0.9,
      "f1-score": 0.9010011123470523,
      "support": 60.0
    },
    "weighted avg": {
      "precision": 0.9040178571428572,
      "recall": 0.9,
      "f1-score": 0.9010011123470524,
      "support": 60.0
    }
  }
}