{
  "accuracy": 0.5987267023436058,
  "f1_weighted": 0.4484489607557752,
  "f1_macro": 0.2496681479771455,
  "precision": 0.3584736640992488,
  "recall": 0.5987267023436058
}